{"metadata": {"day": "2023-02-16", "directed": true, "weighted": false}, "number_of_nodes": 520, "number_of_edges": 499, "clustering_coefficient": 0.008199881329080517, "num_cpus": [8], "sample_size": [520], "num_links": [552], "time": [13.416923522949219], "ASPL": [1.1105072463768115]}