{"metadata": {"day": "2023-02-16", "directed": true, "weighted": false}, "number_of_nodes": 520, "number_of_edges": 499, "clustering_coefficient": 0.008199881329080517, "num_cpus": [8, 8, 8], "sample_size": [520, 520, 520], "num_links": [552, 552, 552], "time": [14.953516006469727, 12.800117492675781, 13.9801025390625], "ASPL": [1.1105072463768115, 1.1105072463768115, 1.1105072463768115]}