{"metadata": {"day": "2023-02-16", "directed": true, "weighted": false}, "number_of_nodes": 520, "number_of_edges": 499, "clustering_coefficient": 0.013704195828215832, "num_cpus": [8, 8], "sample_size": [520, 11161], "num_links": [552, 907750], "time": [13.973430633544922, 34.52771067619324], "ASPL": [1.1105072463768115, 4.830315615532911]}