{"metadata": {"day": "2023-02-16", "directed": true, "weighted": false}, "number_of_nodes": 520, "number_of_edges": 542, "clustering_coefficient": 0.0014423076923076924, "num_cpus": [0, 8], "num_links": [0, 5382], "time": [0, 12.947169780731201], "ASPL": [137.49309316541013, 7.046822742474917]}