{"metadata": {"day": "2023-02-16", "directed": true, "weighted": false}, "number_of_nodes": 11161, "number_of_edges": 12464, "clustering_coefficient": 4.9278738464295306e-05, "num_cpus": [8], "num_links": [5690476], "time": [39.38557004928589], "ASPL": [43.49224827589116]}