{"metadata": {"day": "2023-04-01", "directed": true, "weighted": false}, "number_of_nodes": 17067, "number_of_edges": 21735, "clustering_coefficient": 4.882717134430969e-05, "num_cpus": [8, 8, 8], "num_links": [49988237, 44436183, 48560322], "time": [100.08131527900696, 103.41137361526489, 95.34968614578247], "ASPL": [28.14470800400502, 27.305874809274236, 28.484730929090627]}