{"metadata": {"day": "2023-04-01", "directed": true, "weighted": false}, "number_of_nodes": 17067, "number_of_edges": 21598, "clustering_coefficient": 0.02958768273317763, "num_cpus": [8, 8], "sample_size": [17067, 17067], "num_links": [3638787, 3638787], "time": [52.98429584503174, 62.77608871459961], "ASPL": [5.217157805609396, 5.217157805609396]}